display-name,publication,review-text,original-score-and-url,original-score-and-url 2
Patrick Cavanaugh,The Wolfman Cometh,"Seems like a miracle that something like this could be pulled off, fully amplifying and improving upon everything each solo MCU movie accomplished before it, while also standing on its own with the team dynamics.","| Original Score: 5/5
                
                |","Sep 24, 2023"
Sean Axmaker,Stream on Demand,"You wouldn’t accuse 'The Avengers' of being good drama, but the sprawling, splashy spectacle and its much-much-much-larger-than-life heroes makes for a genuine comic book epic for the big screen.",|,"Jan 7, 2023"
Brian Eggert,Deep Focus Review,"After four years’ worth of building piece by piece against mounting expectations, Marvel and Whedon have managed to satisfy the majority of fan expectations, and in some ways, even exceeded them.","| Original Score: 4/4
                
                |","Nov 20, 2022"
Keith Garlington,Keith & the Movies,Everyone is invested in their character and not one single performer phones it in.,"| Original Score: 4/5
                
                |","Aug 19, 2022"
Don Shanahan,Every Movie Has a Lesson,"Go back a rewrite the definitions for ""unprecedented,"" ""groundbreaking,"" and those other buzz words.","| Original Score: 5/5
                
                |","Aug 14, 2022"
Mat Brunet,AniMat's Review (YouTube),"The Avengers, as a movie, can be best described as one of the most prominent examples of a crowd pleaser.","| Original Score: 7/10
                
                |","Jul 7, 2022"
Cory Woodroof,Lumination Network,"The story works, the acting is superb, the humor is on key and the action sequences are breathtaking.",|,"Feb 11, 2022"
Nathan Mattise,Ars Technica,The 2010s will undeniably go down as the decade of superheroes...,|,"Jul 28, 2021"
Nicolás Delgadillo,Discussing Film,"It is the textbook example of a comic book movie, the gold standard to strive for, and a validation of comic book storytelling as an art form.",|,"Jun 24, 2021"
Luke Holland,NME (New Musical Express),"A mega-budget action extravaganza that succeeds on just about every level, and it's one you should certainly go and see as soon as possible.",|,"Apr 22, 2021"
David Hogan,hoganreviews.co.uk,A perfect example of an ensemble cast and great example of well shot spectacle that also manages to actually develop a lot of the titular heroes as well. Great stuff.,"| Original Score: 5/5
                
                |","Apr 1, 2021"
Mike Massie,Gone With The Twins,"The posing, evil grimacing to denote villainy, and arsenal of one-liners are at an all-time high.","| Original Score: 4/10
                
                |","Dec 1, 2020"
Richard Propes,TheIndependentCritic.com,The Avengers will undoubtedly please nearly all fanboys and most other moviegoers hoping for the quintessential popcorn flick experience.,"| Original Score: 3.0/4.0
                
                |","Sep 2, 2020"
Yasser Medina,Cinefilia,"'The Avengers' is an amazing madness that guarantees entertainment, fun and awe with the most fantastic gathering of heroes that cinema has ever seen. [Full review in Spanish]","| Original Score: 7/10
                
                |","Jun 24, 2020"
Matthew Rozsa,Mic.com,'The Avengers' May Be the Best Comic Book Film Ever Made,"| Original Score: 3.5/4
                
                |","Jun 11, 2020"
Josh Wilding,ComicBookMovie.com,"Clever, funny, emotional, and downright amazing; The Avengers is a spectacle which demands repeat viewings. Joss Whedon has delivered what is quite simply an epic comic book movie masterpiece.","| Original Score: 5/5
                
                |","Feb 15, 2020"
Jim Ross,Roobla,"...not without its flaws, but Joss Whedon has put together an immensely enjoyable film, the best Marvel-based one to date, and one that is not in the least bit ashamed of its comic book roots.","| Original Score: 4/5
                
                |","Feb 14, 2020"
Sarah Knight Adamson,Sarah's Backstage Pass,"This star-studded, action packed film lives up to all the hype.","| Original Score: 3.5/4
                
                |","Jan 22, 2020"
Siddhant Adlakha,Slashfilm,The Avengers is as close as you can get to a quintessential blockbuster experience. One of the rare MCU films where the action beats feel entirely like extensions of story and character.,|,"Dec 15, 2019"
Katie Smith-Wong,Musings of Guitargalchina,"Overall, Marvel's Avengers Assemble is fun, funny and downright entertaining. Joss Whedon did good.","| Original Score: 4.5/5
                
                |","Dec 10, 2019"
David Harris,Spectrum Culture,I think the problem is inherent in the format.,"| Original Score: 1.7/5
                
                |","Nov 8, 2019"
A.S. Hamrah,n+1,"It is no longer enough for one superhero to fight a single villain while dealing with his own personal problems, apocalypse must now enter into it.",|,"Oct 11, 2019"
Noah Berlatsky,Splice Today,The movie is not utterly worthless in every way. I'll grant that. But does that mean it's good? Or even adequate? No.,|,"Sep 18, 2019"
Mattie Lucas,"The Dispatch (Lexington, NC)",Tightly scripted and filled with enough moments of levity to balance the extended and spectacular battle sequences.,"| Original Score: 3.5/4
                
                |","Jun 8, 2019"
Rachel Wagner,Rachel's Reviews (YouTube),Gets everything right. So entertaining when our characters gather to fight Loki who is the best.,"| Original Score: 10/10
                
                |","May 8, 2019"
Danielle Solzman,Solzy at the Movies,Marvel's The Avengers is the team-up movie that we've been waiting for and it's absolutely everything we wanted it to be.,"| Original Score: 5/5
                
                |","Apr 18, 2019"
Micheal Compton,Bowling Green Daily News,"The film begins with a bang and builds from there, a thrill ride peppered with Whedon's trademark self-aware humor. It's fun to watch all these egos clash, especially Downey, who just owns the Tony Stark role.","| Original Score: B+
                
                |","Apr 12, 2019"
Abbie Bernstein,Assignment X,"The Avengers will appeal to fans of comic books, fans of action and fans of characterization and dialogue. It's a pretty awesome assembly.","| Original Score: A-
                
                |","Feb 2, 2019"
Nathalia Aryani,San Diego Entertainer,This all-star superhero extravaganza is fun entertainment at a grand scale.,|,"Jan 19, 2019"
Lee Cassanell,CineVue,"If you're in the market for one of the most wondrous and entertaining cinematic experience you could ever hope to have, book your tickets, buy your popcorn and prepare to be amazed.","| Original Score: 5/5
                
                |","Jan 8, 2019"
Kelly Jane Torrance,Washington Examiner,"The Avengers is an engaging-enough film. But with that kind of treasure, talent and time, you'd expect more -- a lot more than this completely conventional action flick delivers.","| Original Score: 2.5/4
                
                |","Jan 4, 2019"
Colby Bryant,Colbybryant.com,It will forever stand as Exhibit A in the case for why the Marvel Cinematic Universe exists and why it continues to thrive.,"| Original Score: 9.5/10
                
                |","Dec 7, 2018"
Debbie Baldwin,Ladue News,"This is an incredible action movie. From special effects to fights to explosions, it hits every marker. But the movie is so much more. It's hysterically funny, charming and smart.","| Original Score: 9/10
                
                |","Nov 21, 2018"
PJ Nabarro,Patrick Nabarro,Avengers Assemble does exactly what it says on the tin: the Avengers assemble and proceed to smash things up...a lot!,"| Original Score: 3/5
                
                |","Nov 18, 2018"
Zaki Hasan,Zaki's Corner,"The Avengers shatters the last barrier separating the printed page and the celluloid image, fully wresting the superhero genre away from the medium that birthed it.","| Original Score: A
                
                |","Oct 31, 2018"
Eileen Jones,The eXile,"Sounds kind of corny, you say? Oh, that's nothing. Massive corn-shucking in this film, corn piled everywhere, cornpone, corn fritters, corn syrup, corn as high as an elephant's eye, the Feast of Our Great God Corn!",|,"Oct 31, 2018"
Johnny Gayzmonic,Fanboys of the Universe,"This is what a comic book movie should be: thrilling, exciting and surprisingly, almost shockingly, human.","| Original Score: 9/10
                
                |","Oct 31, 2018"
Pat Padua,DCist,Achieves something more than just a competent wrangling of diverse comic book stories: it manages to keep Hollywood egos in check,|,"Aug 30, 2018"
Leona Laurie,Geek Girl Authority,Black Widow has so much potential! We hope they seize on it within the next 6 years! *a tumbleweed blows by*,|,"Aug 29, 2018"
Joseph Walsh,CineVue,"The final action scene, which runs for over half-an-hour, is awe-inspiring.","| Original Score: 4/5
                
                |","Aug 23, 2018"
Andre Meadows,Black Nerd Comedy,For an action movie there are a lot of genuinely funny lines. There were parts of this movie that had my laughing out loud.,|,"Mar 5, 2018"
Fico Cangiano,CineXpress,Probably the best superhero/comics movie of all time. [Full review in Spanish],"| Original Score: 4.5/5
                
                |","Nov 11, 2017"
Sarah Marrs,Cinesnark,It works on nearly every level and is a testament to a great director working with a great group of actors and a studio that knew when to get out of the way and let the creatives be creative.,|,"Oct 23, 2017"
Francesca Rudkin,New Zealand Herald,"[The Avengers] is fast-paced, funny, thrilling and well-crafted.","| Original Score: 4/5
                
                |","Sep 11, 2017"
Candice Frederick,Reel Talk Online,"The comedic timing, coupled with his ability to maintain the authenticity of the characters, is worthy of praise. The Avengers delivers a popcorn feast that's the perfect summer kickoff.","| Original Score: B+
                
                |","Sep 8, 2017"
Eleanor Ringel Cater,Saporta Report (Atlanta),Just the right combination of affection and silliness.,|,"Aug 30, 2017"
Matt Goldberg,Collider,"By crafting a winning combination of wonderful characters, brilliant comedy, and spectacular set pieces, Whedon hasn't simply created the biggest superhero movie; he's created one of the best.","| Original Score: A-
                
                |","Dec 11, 2016"
Eric Eisenberg,CinemaBlend,"What Whedon and Marvel have created here is not just extraordinary, but one of the most entertaining and satisfying comic book movies yet.","| Original Score: 4.5/5
                
                |","Dec 11, 2016"
Jason Best,Movie Talk,"Robert Downey Jr's billionaire playboy inventor Tony Stark, aka Iron Man, gets the film's self-aware, tongue-in-cheek tone spot on, delivering Whedon's wisecracks with sardonic charm.","| Original Score: 4/5
                
                |","Sep 3, 2016"
James Hoare,SciFiNow,[Marvel's The Avengers] is such a pure and unadulterated comic-book movie that it will bring you to tears.,"| Original Score: 4/5
                
                |","Jul 7, 2015"
Margaret Pomeranz,At the Movies (Australia),A lot of fun.,"Full Review
                
                
                    | Original Score: 4/5
                
                |","Jul 7, 2015"
David Stratton,At the Movies (Australia),"Downey's Stark/Iron Man steals the show because the actor is capable of making the tritest dialogue sound wonderfully witty, but the CGI effects are amazing and, despite its length, the film is very enjoyable.","Full Review
                
                
                    | Original Score: 3.5/5
                
                |","Jul 7, 2015"
Rashid Irani,Hindustan Times,"Infusing plenty of laconic wit into his role, Robert Downey Jr is impressive as ever.","| Original Score: 3.5/5
                
                |","Jul 7, 2015"
Renuka Vyavahare,The Times of India,"As Tony Stark, RDJ infuses that much needed spark and life into the movie with his superb one-liners.",|,"Jul 7, 2015"
Baradwaj Rangan,The Hindu,"To get an idea of the overall mood, you have to imagine something starring Buster Keaton, Spencer Tracy, Sylvester Stallone and Marlon Brando, and directed by Michael Bay and Sidney Lumet on a bank of giant green screens.",|,"Jul 7, 2015"
Rachit Gupta,Filmfare,The relentless action mixed with some potent 3D makes for some jaw dropping viewing.,|,"Jul 7, 2015"
Sean Burns,Philadelphia Weekly,"A big, splashy movie in which stuff blows up a lot, yet you go home talking about the actors.","Full Review
                
                
                |","May 3, 2015"
Scott Renshaw,Salt Lake City Weekly,Shrug however you might at a story that has to pack so many characters and tangents into 140 minutes; it will still be difficult for me to see beyond the joyous awesomeness.,"| Original Score: 3.5/4
                
                |","Feb 6, 2015"
David Edwards,Daily Mirror (UK),It's little surprise this is largely a terrifically enjoyable experience -- one that'll please both fanboys and the public at large.,"| Original Score: 4/5
                
                |","Aug 24, 2014"
Deborah Ross,The Spectator,"This will be loved by genre fans, when all is said and done/ But at two hours forty, you may find it numbs your bum/ Seriously, more attention to character could have made it a lot more fun/ And now I have said all that, I believe my poem is done.",|,"Aug 24, 2014"
Ian Bunting,Daily Record (UK),"Is Avengers Assemble the best comic book film ever? That's a tough call but it's certainly the most exciting, and a true epic moment in cinematic history.",|,"Aug 24, 2014"
John Serba,MLive.com,"Joss Whedon knows exactly what comic-book geeks want to see. That's why ""Marvel's The Avengers"" is so immensely satisfying.",|,"Aug 24, 2014"
Ryan Gilbey,New Statesman,"If we must have these box-office behemoths, then at least the writer-director, Joss Whedon, creator of Buffy the Vampire Slayer, is a lively controlling influence.",|,"Aug 24, 2014"
Anthony Quinn,Independent (UK),"Of course it's about one hundred times brighter than Transformers and Michael Bay's imbecilic spinoffs, and should keep multiplexes everywhere in its competent grip. But I didn't love it.","| Original Score: 3/5
                
                |","Aug 24, 2014"
Philip French,Observer (UK),"The special effects are impressive but not especially imaginative, and the film is unduly protracted.",|,"Aug 24, 2014"
Michael Smith,Tulsa World,"For all who have hotly fan-ticipated this all-star collection of Marvel's superheroes, you have reason to be excited. You can officially geek out now.",|,"Aug 24, 2014"
Glenn Dunks,Trespass,The Avengers does have is a solid gold structure that doesn't buckle under the weight of its gargantuan expectations and overflowing cast.,|,"Sep 8, 2013"
Dann Gire,Chicago Daily Herald,"Smart, witty, funny, action-packed and surprisingly cathartic.","| Original Score: 4/4
                
                |","Aug 2, 2013"
Katherine Monk,Canada.com,"The bigger and goofier it gets, the more fun it becomes.","| Original Score: 3.5/5
                
                |","Aug 2, 2013"
John Hanlon,John Hanlon Reviews,A fun light-hearted summer blockbuster that is weighed down by a forgettable villain.,"| Original Score: 3.5/5
                
                |","Jun 30, 2013"
Will Leitch,Deadspin,"If you're not already a fanboy, it'll turn you into one. It is honestly the most fun I have had at the movies in a long, long time.","| Original Score: A
                
                |","Jun 23, 2013"
Scott Foundas,Film Comment Magazine,"After two-and-a-half hours of world-threatening chaos and world-saving derring-do, you leave the theater satisfied, but without so much as a single memorable image (or idea) lingering in your mind.",|,"Jun 20, 2013"
Al Alexander,The Patriot Ledger,"Joss Whedon empties everything at his reported $225 million disposal to assault the eyes, ears and intelligence with one of the stupidest comic book tales ever put to film.","| Original Score: D
                
                |","May 26, 2013"
Chris Knight,National Post,"Whedon must balance the competing storylines and screen time of the actors. He does it nicely, injecting humour and a touch of drama into the action -- and all without so much as a Tesseract to his name. Some assembly required, and delivered.","Full Review
                
                
                    | Original Score: 3/4
                
                |","Apr 12, 2013"
Fr. Chris Carpenter,Rage Monthly,One of the ten best films of 2012.,"| Original Score: A-
                
                |","Jan 27, 2013"
Brandon Judell,CultureCatch,"But one of the most fascinating moments in the picture occurs when Captain America, referring to Thor, notes: ""There's only one God, ma'am. And I'm pretty sure he doesn't dress like that."" Ah, monotheism versus paganism. Can they exist side by side?",|,"Jan 8, 2013"
Kirk Baird,Toledo Blade,"Whedon has delivered that rare action-packed, special-effects spectacle that is relentless in its eagerness to please and successful beyond its goal.","| Original Score: 4/5
                
                |","Jan 4, 2013"
Joe Gross,Austin American-Statesman,It's Summer's Mightiest Movie. Nuff said.,"| Original Score: 4/5
                
                |","Jan 4, 2013"
Jason Gorber,ScreenAnarchy,"When all is said and done, Avengers is all sound and Nick Fury, signifying nothing.","| Original Score: B-
                
                |","Dec 28, 2012"
Kofi Outlaw,Screen Rant,Was Marvel's ambitious dream for a shared cinematic universe truly worth it? In my opinion: Most definitely.,"| Original Score: 4.5/5
                
                |","Oct 2, 2012"
Alan Diment,We Got This Covered,The Avengers is one of the best superheroes movies in a long time and is likely to become a classic of the genre. You would need to really hate comic book movies not to get a kick out of this.,"| Original Score: 8.5/10
                
                |","Sep 27, 2012"
R.L. Shaffer,IGN DVD,The Star Wars of a new generation.,"| Original Score: 9.5/10
                
                |","Sep 26, 2012"
James Plath,Movie Metropolis,"""Marvel's The Avengers"" is a visual comic book and it doesn't aspire to be anything more than that. As a film version it succeeds-one is tempted to say-MIGHTILY.","| Original Score: 8/10
                
                |","Sep 24, 2012"
Jeff Beck,Examiner.com,It really is quite something that [Whedon] was able to take so many characters and put them into a movie where nobody gets left behind.,"| Original Score: 3/4
                
                |","Sep 14, 2012"
Matt Looker,TheShiznit.co.uk,"It really is an astounding achievement - a film that juggles an unenviable number of elements; combining what we've seen before, slotting them together and then adding enough depth, action and humour to make this a remarkable standalone film.","| Original Score: 4/5
                
                |","Sep 13, 2012"
Justin Craig,FoxNews.com,"Marvel's ""The Avengers"" is the super-hero movie to end all super-hero movies. Why? Joss Whedon.","| Original Score: 7/10
                
                |","Sep 10, 2012"
Erick Weber,NECN,"Without Robert Downey Jr. delivering his witty quips in patented rat-a-tat-tat fashion, The Avengers would largely be a soulless shell of a movie that could be mistaken for a Michael Bay production.","| Original Score: B+
                
                |","Aug 24, 2012"
Witney Seibold,CraveOnline,"After years of buildup and prequels, ""The Avengers"" is merely average.","| Original Score: 6/10
                
                |","Aug 22, 2012"
William Bibbiani,CraveOnline,"The first great superhero team movie, and a film that captures the essence of what makes the Marvel Universe great.","| Original Score: 9.5/10
                
                |","Aug 22, 2012"
Kirk Honeycutt,honeycuttshollywood.com,"The filmmakers play a conservative game, not setting out to make a great movie but simply making sure not to screw it up an entire franchise.","| Original Score: 4
                
                |","Jul 13, 2012"
John Gholson,Movies.com,Feels like actual Marvel Comics are being injected directly into your bloodstream. It's simply jaw-dropping.,|,"Jul 3, 2012"
Jim Schembri,3AW,"While it reflects a movie culture that has traded originality for scale - one wonders if there's a shred of originality anywhere in the film - The Avengers is grand, throwaway fun.","| Original Score: 3/5
                
                |","Jun 30, 2012"
Stephen Rebello,Playboy Online,"It's as big, funny, shiny, explosive, expert, rip-roaringly entertaining an action movie as we've seen in a long time.",|,"Jun 23, 2012"
Linda Cook,"Quad City Times (Davenport, IA)","Yeah, it's all that. A tent-pole cash cow for the studio, a dream come true for fans, and treat for action aficionados, 'The Avengers' comes at you as the first true ""summer movie spectacular"" of the 2012 season.","| Original Score: 3.5/4
                
                |","Jun 23, 2012"
Nathaniel Rogers,The Film Experience,Wonderful blink and you'll miss them comic beats in the middle of the finale's mayhem. And what glorious mayhem!,"| Original Score: B+
                
                |","Jun 22, 2012"
Jeffrey Overstreet,Filmwell,... The movie isn't so much a work of storytelling as it is a marathon of wish-fulfillment moments for comic book enthusiasts -- punches peppered with punchlines.,"| Original Score: B+
                
                |","Jun 15, 2012"
Wesley Lovell,Cinema Sight,The culmination of four distinct franchises is an exciting and entertaining product.,"| Original Score: 3.5/4
                
                |","Jun 13, 2012"
Tricia Olszewski,Washington City Paper,It's the humor that's The Avengers' strength.,|,"Jun 1, 2012"
Joanne Laurier,World Socialist Web Site,"One hundred and forty-three minutes of head-pounding bombast, The Avengers is an exhausting experience.",|,"May 31, 2012"
Michael Dequina,TheMovieReport.com,"Whedon's clear fanboy glee is irresistibly contagious to the audience, whether the heroes and villains go at it with fisticuffs or sharp, witty dialogue.","| Original Score: 3.5/4
                
                |","May 28, 2012"
Robert Denerstein,Movie Habit,Comic-book movie delivers the goods,|,"May 24, 2012"
David Nusair,Reel Film Reviews,"By the time the utterly routine (and decidedly endless) finale rolls around, Marvel's The Avengers has unquestionably squandered the potential of its premise and its cast...","| Original Score: 2/4
                
                |","May 24, 2012"
Jeffrey Lyles,Lyles' Movie Files,Delivers big time with everything longtime fans and newcomers alike could possibly want in a summer blockbuster that definitely surpasses the hype.,"| Original Score: 10/10
                
                |","May 22, 2012"
Jeanne Kaplan,Kaplan vs. Kaplan,"This too-long adventure is a sensory overload --- complete with loud, protracted battle scenes and hunky super heroes who provide the necessary eye candy. It's also very funny, and highly entertaining.",|,"May 18, 2012"
David Kaplan,Kaplan vs. Kaplan,"There is much humor laced throughout the film, giving it an air of not taking itself too seriously -- which is as it should be in a film of this genre.",|,"May 18, 2012"
Jim Lane,Sacramento News & Review,... tremendous fun ...,"| Original Score: 5/5
                
                |","May 17, 2012"
Diana Saenger,ReviewExpress.com,A creative team WOW,"| Original Score: 4/5
                
                |","May 17, 2012"
Christian Toto,Big Hollywood,The Avengers lives up to every last ounce of hype.,"| Original Score: 4/4
                
                |","May 16, 2012"
Jeff Bayer,The Scorecard Review,It's a blockbuster that manages to please with intelligence and fun. Whedon makes it look easy.,"| Original Score: 9/10
                
                |","May 16, 2012"
Sara Michelle Fetters,MovieFreak.com,"Whedon manages all these disparate threads confidently, his script a model of self-control and restraint that's far from typical for the genre.","| Original Score: 3/4
                
                |","May 15, 2012"
Chris Barsanti,PopMatters,It's all very smoothly done but comes without a hint of surprise or revelation.,"| Original Score: 5/10
                
                |","May 14, 2012"
Glenn Lovell,CinemaDope,"The Main Event is pretty much what you'd expect ‒ noisy, overlong, wall-to-wall CG effects and arcane superhero lore ... Yes, it's all fairly formulaic, but on a Wow! scale never before experienced.","| Original Score: 3/4
                
                |","May 12, 2012"
Kevin A. Ranson,MovieCrypt.com,"If you only see one movie this year over and over again, it'll probably be this one.","| Original Score: 4.0/4.0
                
                |","May 12, 2012"
Austin Kennedy,Sin Magazine,"I have a feeling that this will be a comfort film for myself and many other film geeks for years to come, just like the Indiana Jones or Star Wars movies.","| Original Score: 4/4
                
                |","May 12, 2012"
Ian Buckwalter,The Washingtonian,Whedon delivers a thoroughly entertaining compilation of the best of these heroes while never hiding either his giddy love for the characters or the wry wit that has formed the bedrock of his career.,"| Original Score: 8/10
                
                |","May 11, 2012"
Russ Breimeier,Christianity Today,"The Avengers will surely rank among the best superhero movies, if not summer blockbusters, of all time.","| Original Score: 4/4
                
                |","May 10, 2012"
Josh Wigler,MTV,The Avengers is a fun time at the movies. That's as important as anything.,|,"May 10, 2012"
Oliver Franklin,GQ Magazine [UK],Whedon gives balance even to relative minnows Hawkeye and the Black Widow by giving each their moment to shine.,|,"May 10, 2012"
Rick Bentley,Fresno Bee,"The real hero of The Avengers is not Iron Man, Thor or even Nick Fury. It's Joss Whedon.","| Original Score: A
                
                |","May 10, 2012"
Jeremy Aspinall,Radio Times,"There's also great chemistry between the principals, who all get their moment in the sun.","| Original Score: 5/5
                
                |","May 10, 2012"
Rick Marshall,IFC.com,The Avengers greatest accomplishment could be this: its ability to make an entire audience feel like children reading their favorite comic for the very first time.,|,"May 10, 2012"
Keith Cohen,Entertainment Spectrum,The movie engages the viewer from a very strong opening sequence through the two bonus scenes included in the closing credits. The nearly two and a half hour running time passes by swiftly and leaves you eagerly awaiting a follow-up sequel.,"| Original Score: 3.5/4
                
                |","May 10, 2012"
Luke Buckmaster,The Daily Review/Crikey,It's a long ride before jaws drop and the eyeball caressing spectacle of The Avengers clicks into high gear,|,"May 9, 2012"
Ken Hanke,"Mountain Xpress (Asheville, NC)","Solid entertainment and much better than I'd expected from the maestro of midcult, Joss Whedon.","| Original Score: 4/5
                
                |","May 9, 2012"
James Kendrick,Q Network Film Desk,"While the film certainly suffers from gigantism, it is a self-inflicted malady, and for fans of the series it is like manna from heaven.","| Original Score: 2.5/4
                
                |","May 8, 2012"
Michael Burgin,Paste Magazine,"While Whedon smartly recognizes how key Downey Jr.'s Stark is to the story, he also allows most all of his cast, heroes and villain, ample opportunities to shine, both in dialogue and action.","| Original Score: 9.2/10
                
                |","May 8, 2012"
Tom Charity,CNN.com,Never underestimate the entertainment value of the Hulk Smash.,|,"May 8, 2012"
Mark Ramsey,MovieJuice!,"What could be more effective against interstellar battle than a bow and arrows? 'You never know when an alien invader is the Sheriff of Nottingham,' warned Samuel L. Jackson.","| Original Score: C
                
                |","May 8, 2012"
Anthony Lane,New Yorker,"If you are a Marvel fan, then The Avengers will feel like Christmas. Thanks to the merry doings of the director, Joss Whedon, all your favorite characters are here, as shiny and as tempting as presents under the tree.",|,"May 8, 2012"
Robert Roten,Laramie Movie Scope,"It's tough to live up to expectations when expectations are so high, but ""The Avengers"" pulls it off, thanks to the clever writing and directing of Joss Whedon and armies of actors and other artists who made this action extravaganza.","| Original Score: B+
                
                |","May 7, 2012"
Mark R. Leeper,Mark Leeper's Reviews,"While the film lacks the visual imagination of THOR or the period feel of CAPTAIN AMERICA, it has more of a sense of structures on a huge scale being blown up by even bigger explosions.","| Original Score: 6/10
                
                |","May 7, 2012"
Tim Brayton,Antagony & Ecstasy,You'd have to be either a real grouch or an inveterate hater of the form to deny that this is by and large some really fine explosion-mongering.,"| Original Score: 7/10
                
                |","May 7, 2012"
Jackie K. Cooper,jackiekcooper.com,Joss Whedon fashions an almost perfect combination of action and humor.,"| Original Score: 8/10
                
                |","May 7, 2012"
Christopher Long,Movie Metropolis,"If you dig Thor or Cap or Hulk, please check out the original sources. Support your local comic book shop. You wouldn't have any of these movies without them.","| Original Score: 8/10
                
                |","May 7, 2012"
Phil Villarreal,OK! Magazine,The film flows with the momentum of a comic book composed of full-page bleed impact-moment illustrations.,"| Original Score: 3.5/4
                
                |","May 6, 2012"
Jules Brenner,Cinema Signals,"Our basic love of these characters in such an even distribution of involvement and grand context of good vs evil make for maximum enjoyment of a terrific script carried out with conceptual proficiency and, even, sensitivity.","| Original Score: 5/5
                
                |","May 6, 2012"
Steve Crum,Crum on Showbiz,The trick with 'The Avengers' is to satisfy each superhero's fan base while simultaneously divvying out each hero's scenes in equal portions. Director-screenwriter Joss Whedon has pulled it off with muscle flexing aplomb.,"| Original Score: A-
                
                |","May 6, 2012"
Tony Medley,Tolucan Times,"Nothing but 2:20 of special effects and ridiculous fights...it's like all the superheroes are trying out at the Improv to see who can give the best one-liner, and none of them do.","| Original Score: 5/10
                
                |","May 6, 2012"
Stephen Silver,EntertainmentTell,"A nearly complete success. It's the best action superhero movie since the first ""Iron Man,"" and the best Marvel Comics adaptation since ""Spider-man 2.""","| Original Score: 4.5/5
                
                |","May 6, 2012"
Rob Gonsalves,Rob's Movie Vault,"Overall, this is as smooth and sprightly a franchise machine as we're likely to get this summer; even at two hours and twenty-three minutes it goes like lightning.","| Original Score: B+
                
                |","May 6, 2012"
Dennis Schwartz,Dennis Schwartz Movie Reviews,Filled with fanboy-wank.,"| Original Score: B
                
                |","May 6, 2012"
Diva Velez,TheDivaReview.com,"Whedon's obvious love for The Avengers' characters, world and fandom makes for a superhero epic that's packed with exciting action, faithful details for comic fans and his signature off-hand wit. It's pure fun and entertainment.","| Original Score: 4/5
                
                |","May 6, 2012"
Andrea Chase,Killer Movie Reviews,"the perfect popcorn movie that respects its audience, fan boy or not, though the former will be more excited to see the Stan Lee cameo.","| Original Score: 4/5
                
                |","May 5, 2012"
Matt Brunson,Creative Loafing,"The scene-stealer is Ruffalo, who provides Bruce Banner with a soulfulness missing in the portrayals by Bana and Norton. This is also the first film to nail the Hulk, who in 2003 looked like a video blip Gumby and in 2008 seemed shellacked in plastic.","| Original Score: 3.5/4
                
                |","May 5, 2012"
Beth Accomando,KPBS.org,Whedon's The Avengers does what the best films of this genre do: create a fantasy world that you accept as totally real. And then provides a kick-ass good time as well.,|,"May 5, 2012"
Scott Nash,Three Movie Buffs,"The action is great, but it's the interaction that really makes The Avengers something special.","| Original Score: 4/4
                
                |","May 5, 2012"
Tony Macklin,tonymacklin.net,"Although it takes a while to hit its stride, once it does Marvel's The Avengers is a razzle-dazzle, rip-roaring entertainment. Count on The Hulk. Once he erupts, The Avengers soars across the screen with ferocity and style.","| Original Score: 3.0/5
                
                |","May 5, 2012"
Giovanni Fazio,Japan Times,"Superhero movies -- with their franchises, massive marketing budgets, cross-merchandising synergy and dedication to presenting the same experience every single time -- are nothing if not the Mickey D's of cinema, and I'm sure not lovin' it.",|,"May 5, 2012"
Garth Franklin,Dark Horizons,"There may be weightier, deeper or richer films this year - but there probably won't be any that are as much fun.",|,"May 5, 2012"
Widgett Walls,Needcoffee.com,I want to find Joss Whedon and give him a manly hug and buy him a beer.,"| Original Score: 5/5
                
                |","May 5, 2012"
Bruce Bennett,"Spectrum (St. George, Utah)",Whedon's biggest accomplishment may be making the superhero movie once again super entertainment.,"| Original Score: A-
                
                |","May 4, 2012"
Felix Vasquez Jr.,Cinema Crazed,As a hardcore comic geek I could not have been happier with the results...,"| Original Score: 4/4
                
                |","May 4, 2012"
Eric D. Snider,EricDSnider.com,More than compensates for the story's averageness with consistently witty dialogue and a stream of terrific moments.,"| Original Score: B+
                
                |","May 4, 2012"
Kevin Carr,Fat Guys at the Movies,a whole roast of awesome wrapped up in bacony awesomeness,"| Original Score: 5/5
                
                |","May 4, 2012"
Eric Kohn,indieWire,A movie that yells at you and geeks out in equal measures.,|,"May 4, 2012"
Rob Humanick,Projection Booth,It doesn't have to be a great movie to provide a great experience.,"| Original Score: B
                
                |","May 4, 2012"
Todd Jorgenson,Cinemalogue,It's the equivalent of a superhero all-star game.,|,"May 4, 2012"
Christopher Orr,The Atlantic,"Ultimately, it all comes back to Whedon: His clear vision for each character and how they might be profitably intermingled; his unexpected knack for action choreography; his funny, tender, immaculately constructed script.",|,"May 4, 2012"
Pete Vonder Haar,Houston Press,Hulk is the strongest there is.,"| Original Score: 4.5/5
                
                |","May 4, 2012"
John Beifuss,"Commercial Appeal (Memphis, TN)","'The Avengers' registers in the red on the Nerdgasmatron. It's a witty, action-packed triumph -- entertaining and coherent for newcomers, yet true to the spirit of its source material.","| Original Score: 4/4
                
                |","May 4, 2012"
Michelle Alexandria,Eclipse Magazine,Since Best Picture Oscars are awarded to Producers then the Producers of Marvel's The Avengers deserve a best picture Oscar just for pulling this off. The fact that the movie is freaking amazing is just icing on the cake!,"| Original Score: A+
                
                |","May 4, 2012"
Lori Hoffman,Atlantic City Weekly,"Joss Whedon has unleashed a ton of unadulterated popcorn movie fun with his marvelous multi-superhero extravaganza, The Avengers.","| Original Score: 3.5/4
                
                |","May 4, 2012"
Kelly Vance,East Bay Express,"Exactly the sum of its parts, a generous and stimulating way to waste an afternoon.",|,"May 4, 2012"
Wilson Morales,BlackFilm.com,"The Avengers is fun, action packed and certainly an enjoyable outing's entertainment! Hardcore geeks and new fans will eat this adventure up and come back for more.","| Original Score: 4/5
                
                |","May 4, 2012"
Sean P. Means,Salt Lake Tribune,"This supermerger comes together into a thrilling action movie with heart and brains, masterfully melded by the superhero you can't see on the screen, director/screenwriter Joss Whedon.","| Original Score: 4/4
                
                |","May 4, 2012"
Mike Scott,Times-Picayune,"Big, loud, ridiculous and eye-popping, writer-director Joss Whedon's film is an empty-calorie summertime treat that delivers on all that it promises.","| Original Score: 3/5
                
                |","May 4, 2012"
Tyler Hanley,Palo Alto Weekly,"Adjectives used in some of Marvel Comics' iconic titles from the early 1960s through today -- amazing, fantastic, incredible -- also describe director Joss Whedon's superhero epic The Avengers.","| Original Score: 4/4
                
                |","May 4, 2012"
Jeff Meyers,"Metro Times (Detroit, MI)","As spectacle it's big, stupid fun. Visually it's impressive. For comic geeks it's a wet dream come true. But dramatically it's inert.","| Original Score: B+
                
                |","May 4, 2012"
Corey Hall,"Metro Times (Detroit, MI)","In some ways, it feels like the kick-off to the afterparty for a post-Iraq War nation, with a sense of ""mission accomplished"" back-slapping buried beneath all the pyrotechnics.","| Original Score: A-
                
                |","May 4, 2012"
Boo Allen,Denton Record-Chronicle,"Sock, pow, zowie--plenty of firepower in the summer's first big lallapalooza.","| Original Score: 3/5
                
                |","May 4, 2012"
Jeffrey M. Anderson,San Francisco Examiner,"This movie has it all: gorgeously clear action, humor, suspense and even passion. It's not going too far to guess that no other summer movie will touch it.","| Original Score: 3.5/4
                
                |","May 4, 2012"
Laremy Legel,Film.com,A spectacle in the grandest sense of the word ...,"| Original Score: B+
                
                |","May 4, 2012"
Mathew DeKinder,Suburban Journals of St. Louis,The Avengers is everything you would want it to be and is the ultimate summer blockbuster. The movie is thrilling and funny without requiring any intellectual heavy lifting.,"| Original Score: 4/5
                
                |","May 4, 2012"
Matt Soergel,Florida Times-Union,"It's at its most lively late in the game, when Hulk finally makes an appearance and gets his simple orders: 'Smash.' Good old Hulk ... Yet the movie's a surprisingly perfunctory affair.","Full Review
                
                
                    | Original Score: 2.5/4
                
                |","May 4, 2012"
Clay Cane,BET.com,"There are also the fans who rage in the comments, as if men in spandex are as serious as war and the economy. Is there a defensive euphoria in seeing your childhood heroes come to life? Is 'The Avengers' a great film? No. Will people love it? Yes!","| Original Score: C+
                
                |","May 4, 2012"
Neil Pond,American Profile,"If you're looking to stretch your movie-superhero dollar, here's some serious blockbuster bang for your cinema buck.","| Original Score: 3.5/5
                
                |","May 4, 2012"
Rob Thomas,"Capital Times (Madison, WI)","I honestly would enjoy watching the Avengers sit around a conference table for two hours trading putdowns and one-liners: ""My Dinner With Thor."" And then the action really kicks in. Sweet mercy.","| Original Score: 3.5/4
                
                |","May 4, 2012"
Gary Wolcott,Tri-City Herald,"The actors get the ensemble approach and - like their characters - put their egos aside, gel and enthusiastically embrace the fun.","| Original Score: 4.5/5
                
                |","May 4, 2012"
Marshall Fine,Hollywood & Fine,"Veined with wit, even as it offers exactly the kind of action that fanboys and normal movie-goers alike want out of something like this.",|,"May 4, 2012"
Kurt Loder,Reason Online,"Herding all these characters together into one big super-pileup required a gifted traffic cop; and Whedon, as we now see, was the ideal man for the job.",|,"May 4, 2012"
Radheyan Simonpillai,AskMen.com,"It's easy to turn NIck Fury's blind eye to the movie's flaws because at the end of the day The Avengers packs big explosions, bigger personalities and Hulk-sized punch lines.","| Original Score: 80/100
                
                |","May 4, 2012"
Brian Orndorf,BrianOrndorf.com,"Lose Hawkeye, and the inevitable sequel will surely attain the orgasmic rush of funny book consistency missing to a certain degree here.","| Original Score: B+
                
                |","May 4, 2012"
Neil Rosen,NY1-TV,"It's too long and it lags a bit in spots, but overall there is still a lot of fun to be had here.","| Original Score: 3/4
                
                |","May 4, 2012"
Kristian M. Lin,Fort Worth Weekly,"As soon as I finished watching this movie, I wanted to see it again. That's the highest recommendation I can make.",|,"May 4, 2012"
Cole Abaius,Film School Rejects,"Thrilling action, rounded characters, high personal and global stakes, brilliant camera work, a tight script, strong acting and a hell of an adventure.","| Original Score: A-
                
                |","May 4, 2012"
Mike McGranaghan,Aisle Seat,Marvel's grand plan turned out to be a good one. This is a hugely entertaining time at the movies.,"| Original Score: 3.5/4
                
                |","May 4, 2012"
Grae Drake,Movies.com,The movie that all of those iconic comic book characters deserve.,"| Original Score: 4.5/5
                
                |","May 4, 2012"
Dave White,Movies.com,The job here is to make the Big Bad go away and to save the genre from boredom. The good news is that these heroes won't rest until they've accomplished both. They happily work overtime for you.,"| Original Score: 4.5/5
                
                |","May 4, 2012"
Jason McKiernan,Filmcritic.com,A slam-bang comics-inspired blast where the superhero collective fuses seamlessly and works marvelously.,"| Original Score: 4/5
                
                |","May 4, 2012"
Willie Waffle,WaffleMovies.com,Gets the summer movie season off to the kind of start that will make The Amazing Spider-Man and Battleship quake with insecurity.,"| Original Score: 4/4
                
                |","May 4, 2012"
Jonathan W. Hickman,Daily Film Fix,Writer/director Whedon understands the comic goofiness that must be injected into the ridiculous subject matter to balance blockbuster action set-pieces.,"| Original Score: 6.5/10
                
                |","May 4, 2012"
Leonard Maltin,leonardmaltin.com,"...there aren't many writer-directors as talented as Joss Whedon. Indeed, it's the writing that sets this film apart from the crowd, in harmony with perfect casting, first-rate visual effects, and other key ingredients.",|,"May 3, 2012"
Michael A. Smith,MediaMikes,"A roller coaster ride of non-stop action, ""The Avengers"" manages to take the different tones set by the previous films and fashion them into one strong voice.","| Original Score: 4/5
                
                |","May 3, 2012"
Kim Voynar,Movie City News,"Comic geeks can collectively sigh with deep relief: Joss Whedon has taken their beloved Avengers and given them back a well-directed, action-packed, brilliantly written film.","| Original Score: 4/5
                
                |","May 3, 2012"
Ethan Alter,Television Without Pity,"The Avengers may be a more modest success than some of us may have hoped, but it's still very much a success.","Full Review
                
                
                |","May 3, 2012"
Avi Offer,NYC Movie Guru,"Yet another brainless, overbloated and mostly underwhelming blockbuster despite marvelous visual effects.","| Original Score: 5.25/10
                
                |","May 3, 2012"
Charles Koplinski,Illinois Times,Lives up to every promise Marvel Studios has made.,"| Original Score: 3.5/4.0
                
                |","May 3, 2012"
Jeremy Wheeler,TV Guide,"A superpowered crowd-pleaser, Marvel's The Avengers wows its way into comics-to-film history as one of the greatest popcorn flicks of its era.","| Original Score: 4/4
                
                |","May 3, 2012"
Amy Biancolli,San Francisco Chronicle,"Whedon, a pop-genre magician best known for Buffy the Vampire Slayer, is a master of viewer manipulation - because he never gives up his own seat in the crowd.","| Original Score: 4/4
                
                |","May 3, 2012"
Ann Hornaday,Washington Post,"The performances are so well-pitched in The Avengers, meshing with such vividness and ease, that it's tempting to overpraise the good but not great movie that surrounds them.","| Original Score: 3/4
                
                |","May 3, 2012"
Peter Rainer,Christian Science Monitor,The film is good enough to keep all the Marvel Comics crazed audiences out there deliriously happy while keeping the rest of us earthbound types in moderate thralldom.,"| Original Score: B
                
                |","May 3, 2012"
Lisa Kennedy,Denver Post,"It's two-plus hours of visual brawn, unexpected heartbeats and welcome humor.","Full Review
                
                
                    | Original Score: 3.5/4
                
                |","May 3, 2012"
Alison Gang,San Diego Union-Tribune,"It's all rather serious and ominous, yet outlandish and mostly entertaining. Sounds about right for summer, doesn't it?","| Original Score: 3/4
                
                |","May 3, 2012"
Shawn Levy,Oregonian,"Even with the flaws of the final half, ""The Avengers"" is grand, brisk fun.","| Original Score: B
                
                |","May 3, 2012"
Dana Stevens,Slate,"Its primary purpose is not to explore or subvert the superhero movie, but to lay the groundwork for more of them.",|,"May 3, 2012"
Joe Morgenstern,Wall Street Journal,"A slow start, a single star performance surrounded by indifferent acting and an onslaught of computer effects that range from seen-it-all-in-""Transformers"" to a whole sky full of spectacular stuff in the midtown Manhattan climax.",|,"May 3, 2012"
Peter Keough,Boston Phoenix,"What the Avengers really need is something to avenge, some compelling emotion or commitment; rallying the troops with blood-stained collectible trading cards doesn't cut it.","| Original Score: 2.5/4
                
                |","May 3, 2012"
Bob Mondello,NPR,"The banter has zip, the effects are fun, the climactic battle is decently spectacular, and if the 3-D is mostly expendable, there are a few scenes where it adds a nice kick.",|,"May 3, 2012"
Jon Niccum,Kansas City Star,"What makes this anticipated film so absorbing is how the heroes' internal battles are often more pronounced than their external ones. And when these troubled people interact, it's electric.","| Original Score: 3.5/4
                
                |","May 3, 2012"
Duane Dudek,Milwaukee Journal Sentinel,Joss Whedon is the real superhero.,"| Original Score: 3/4
                
                |","May 3, 2012"
Chris Vognar,Dallas Morning News,Whedon knows how to be self-aware without getting overly cute about it. He has fun highlighting each character's neurosis and knows which personalities clash to greatest effect.,"| Original Score: B+
                
                |","May 3, 2012"
Frank Swietek,One Guy's Opinion,A movie that can communicate the excitement a lover of the comic book will experience watching it even to those who have never read a single issue.,"| Original Score: B+
                
                |","May 3, 2012"
Clint O'Connor,Cleveland Plain Dealer,Joss Whedon scores by making all of these characters work together. Bonus: Never hurts to have quick-quipping Robert Downey Jr in your superhero film.,"| Original Score: A
                
                |","May 3, 2012"
Norman Wilner,NOW Toronto,"I'd have been happy to watch these actors sit around eating pastries for two and a half hours -- especially Downey and Ruffalo, who have wonderful chemistry as a pair of brainiacs with very different control issues.","Full Review
                
                
                    | Original Score: 4/5
                
                |","May 3, 2012"
Steve Persall,Tampa Bay Times,The superheroes mashup teased for seven years through five blockbusters is absolutely worth the wait. The Avengers is as brawny and lamebrainy as any comic book movie deserves to be.,"| Original Score: B+
                
                |","May 3, 2012"
Christopher Lloyd,Sarasota Herald-Tribune,"The long-awaited superhero supergroup is finally assembled, and their film does not disappoint. It's a smashmouth extravaganza of outsized proportions.","| Original Score: 4.5/5
                
                |","May 3, 2012"
Kam Williams,AALBC.com,"Between a sophisticated script and thrill-a-minute special effects, The Avengers easily adds up to the best Marvel Comics screen adaptation yet!","| Original Score: 4/4
                
                |","May 3, 2012"
Chris Bumbray,JoBlo's Movie Network,"Sure to please even the most die-hard fans, and just about everyone else.","| Original Score: 9/10
                
                |","May 3, 2012"
Marc Savlov,Austin Chronicle,Fans of all that has come before will weep tears of giddy joy at how crowd-pleasingly cohesive -- and ridiculously fun -- this film is.,"| Original Score: 3.5/5
                
                |","May 3, 2012"
Lawrence Toppman,Charlotte Observer,"Fortunately, Whedon spends enough of his time on characterizations to keep us engaged.","Full Review
                
                
                    | Original Score: 3/4
                
                |","May 3, 2012"
Ben Sachs,Chicago Reader,"Every now and then, director Joss Whedon executes a quirky camera set-up to assert that the film was created by him and not a team of marketing executives.",|,"May 3, 2012"
James Verniere,Boston Herald,"'Hulk, smash,' is the inner-child battle cry of the comic-book world, and this mash-'em-up mantra is finally getting its due on the big screen.","| Original Score: B
                
                |","May 3, 2012"
Frank Lovece,Film Journal International,"Expectations delivered, promises fulfilled: The Avengers is everything you could want in a superhero movie, with larger-than-life feats believably and meaningfully executed, and beating human hearts filled with emotion, humor and pain.",|,"May 3, 2012"
Kimberly Gadette,Doddle,Pulling off the hat trick of finally answering to the embedded teases in five prior films -- all intersecting in this film's storyline -- is a superhero feat in and of itself.,"| Original Score: 8/10
                
                |","May 3, 2012"
Chris Hewitt,St. Paul Pioneer Press,"""The Avengers"" is an entertaining showcase for the Marvel characters. Credit for that goes to Joss Whedon, whose script is witty and whose appreciation for these characters is evident.","Full Review
                
                
                |","May 3, 2012"
Joe Williams,St. Louis Post-Dispatch,Biff! Bam! Boring!,"| Original Score: 2.5/4
                
                |","May 3, 2012"
Laura Clifford,Reeling Reviews,"By far, Whedon's funniest effect is The Hulk, whose fist here is the equivalent of that city bus which so often takes someone out in a nanosecond edit.","| Original Score: B+
                
                |","May 3, 2012"
David Medsker,Bullz-Eye.com,"As entertaining as this movie is, it could have been even better.","| Original Score: 3.5/5
                
                |","May 3, 2012"
Greg Maki,"Star-Democrat (Easton, MD)","Calling 'The Avengers' the Best Superhero Movie Ever Made is a little overblown, though it easily is Marvel's best outing since the original ""Iron Man"" and more than justifies the years of buildup.","| Original Score: A-
                
                |","May 3, 2012"
Kevin McCarthy,NerdTears.com,Mark Ruffalo was born to the play The Hulk. There is a ten second epic action sequence that is worth the entire price of admission and every one of your nerd tears! Hulk Smash!,"| Original Score: 4/5
                
                |","May 3, 2012"
Rich Heldenfels,Akron Beacon Journal,A flawed first part is forgivable thanks to the exhilarating action sequences climaxing the movie.,"| Original Score: 3.5/4
                
                |","May 3, 2012"
Claudia Puig,USA Today,Audiences have been eagerly anticipating this first all-hero extravaganza for years. The wait was worth it.,"| Original Score: 3/4
                
                |","May 3, 2012"
Rob Vaux,Mania.com,"Mines the collective goodwill of the Marvel nation to impressive effect,","| Original Score: A-
                
                |","May 3, 2012"
A.O. Scott,New York Times,"The light, amusing bits cannot overcome the grinding, hectic emptiness, the bloated cynicism that is less a shortcoming of this particular film than a feature of the genre.","| Original Score: 2/5
                
                |","May 3, 2012"
Steven Rea,Philadelphia Inquirer,"A slickly packaged, effects-driven smashup.","| Original Score: 2.5/4
                
                |","May 3, 2012"
Tom Long,Detroit News,"There's great entertainment in ""The Avengers"" - big bold, action-filled silliness with just enough human spirit to sell itself. This is a comic book movie done right.","| Original Score: B
                
                |","May 3, 2012"
Moira MacDonald,Seattle Times,"It's a first-class production all around, from the acting to the 3-D special effects to the touches of wit throughout. It delivers, in grand style, the thing we demand most from a comic-book movie: fun.","Full Review
                
                
                    | Original Score: 3.5/4
                
                |","May 3, 2012"
Steven D. Greydanus,Decent Films,"If The Avengers isn't necessarily the BEST superhero movie ever made, it is unquestionably the MOST superhero movie ever made.","| Original Score: A
                
                |","May 3, 2012"
Roger Moore,Tribune News Service,"It works because Joss Whedon never loses sight of the fragile humanity of the characters, even in their special effects brawls. It works because somebody finally got The Hulk's blend of rage, guilt and bull-in-a-chandelier-shop fun right.","| Original Score: 3/4
                
                |","May 3, 2012"
Roger Ebert,Chicago Sun-Times,"""The Avengers"" is done well by Joss Whedon, with style and energy. It provides its fans with exactly what they desire.","| Original Score: 3/4
                
                |","May 3, 2012"
Josh Bell,Las Vegas Weekly,Rousing blockbuster entertainment that goes down easy.,"| Original Score: 3.5/5
                
                |","May 3, 2012"
Bob Bloom,"Journal and Courier (Lafayette, IN)","Creating a script that not only lives up to the hype, but fulfills and even exceeds the expectations of fans is no easy task, but Whedon and co-writer Zak Penn have done so - and in a manner that does not give short shrift to any of the major characters.","| Original Score: 3.5/4
                
                |","May 2, 2012"
Kenneth Turan,Los Angeles Times,"Whedon is the key reason why this $220-million behemoth of a movie is smartly thought out and executed with verve and precision. It may be overly long at two hours, 23 minutes, but so much is going on you might not even notice.",|,"May 2, 2012"
Jim Judy,Screen It!,"If you're a fan of these sorts of flicks or the original comic book series, you'll likely be in superhero heaven. (Full Content Review for Parents also available)",|,"May 2, 2012"
Bob Grimm,Tucson Weekly,Wahoo!!!,"| Original Score: 4.5/5
                
                |","May 2, 2012"
Dan Lybarger,eFilmCritic.com,Could Joss Whedon be Stan Lee's love child?,"| Original Score: 4.5/5
                
                |","May 2, 2012"
Wesley Morris,Boston Globe,"You don't need to be a ""comic-book person"" to find the set pieces exhilarating. But if you are such a person, or a fan of the movies that comic books turn into, ""The Avengers"" feels like the moment you've been waiting for.","| Original Score: 3/4
                
                |","May 2, 2012"
Justin Strout,Orlando Weekly,"This is the Avengers that fanboys have always felt in their bones, and Whedon's camera is constantly in motion and in command.","| Original Score: 4/5
                
                |","May 2, 2012"
Bill Gibron,PopMatters,"...an amazing entertainment, an experience that rivals the original blockbusters that established the Summer season in the first place.","| Original Score: 4/5
                
                |","May 2, 2012"
Nell Minow,Beliefnet,"A smart, exciting, and engaging superhero story that deftly balances larger-than-life characters, their personal and inter-personal struggles and interplanetary battles.","| Original Score: B+
                
                |","May 2, 2012"
Keith Phipps,AV Club,"Tasked with meeting the many requirements necessary for any Avengers movie to work, Whedon checks off all the boxes, then sets about creating new expectations for what a big superhero movie ought to be.","Full Review
                
                
                    | Original Score: A-
                
                |","May 2, 2012"
Peter Sobczynski,eFilmCritic.com,Uber-hacks like Michael Bay and McG should hang their heads in shame at the sight of what Whedon has accomplished here,"| Original Score: 4/5
                
                |","May 2, 2012"
Joe Lozito,Big Picture Big Sound,"Joss Whedon's glossy, super-budgeted Marvel ensemble flick is the cinematic equivalent of comfort food.","| Original Score: 3/4
                
                |","May 2, 2012"
Perri Nemiroff,Shockya.com,It's films like these that justify the superhero movie's direct connection to the franchise model.,"| Original Score: 4/5
                
                |","May 2, 2012"
Daniel M. Kimmel,Sci-Fi Movie Page,It's Transformers with better - much better - dialogue.,"| Original Score: 3/4
                
                |","May 2, 2012"
S. Jhoanna Robledo,Common Sense Media,Heroes work together in explosive comic book adventure.,"| Original Score: 4/5
                
                |","May 2, 2012"
Matt Patches,Hollywood.com,"The Avengers are the Bad News Bears of superhero squads, and their epic adventure in responsibility is an absolute joy to watch.","Full Review
                
                
                    | Original Score: 4/5
                
                |","May 2, 2012"
Michael Phillips,Chicago Tribune,"""The Avengers"" is both a culminator and a set-up for more, more, more.","| Original Score: 3/4
                
                |","May 2, 2012"
James Berardinelli,ReelViews,The Avengers kicks ass.,"| Original Score: 3.5/4
                
                |","May 2, 2012"
Jim Slotek,Jam! Movies,"A somewhat subversive piece of work, one that finds hilarity in fake catastrophes and in our very need to imagine the noisiest worst-case scenarios.","Full Review
                
                
                |","May 2, 2012"
Peter Howell,Toronto Star,"A saga guaranteed to pass muster with the Comic-Con cognoscenti, without forsaking regular popcorn munchers who just hope to see the planet get saved with maximum firepower and a few laughs.","Full Review
                
                
                    | Original Score: 3.5/4
                
                |","May 2, 2012"
Rick Groen,Globe and Mail,"To watch another comic book transformed into another blockbuster is to ""marvel"" at much and to feel nothing - that's a safer bet than the converse, perhaps, which may explain the genre's popularity.","| Original Score: 2/4
                
                |","May 2, 2012"
Peter Paras,E! Online,"With snappy writing and a full roster of fleshed-out characters, the whole thing is a smash, from start to finish.","| Original Score: A
                
                |","May 2, 2012"
Andrew O'Hehir,Salon.com,"If you're not much of a Marvel Comics person but just want to get an early start on your mindless summer moviegoing, well, I guess this picture is no stupider than anything else.",|,"May 2, 2012"
Susan Granger,SSG Syndicate,"Thrilling, collaborative action-adventure that's amusing and entertaining.","| Original Score: 9/10
                
                |","May 2, 2012"
Eric Melin,Scene-Stealers.com,"In a shrewd move by writer/director Joss Whedon (no stranger to a directing an ensemble), each superhero is given his or her moment of inner turmoil, a moment of doubt and serious danger, and a moment to shine that spotlights their own unique talent.","| Original Score: 3.5/4
                
                |","May 2, 2012"
Mark Dujsik,Mark Reviews Movies,Whedon treats the [action] sequences like he's a kid set free in a toy store.,"| Original Score: 3/4
                
                |","May 1, 2012"
Rebecca Murray,About.com,"The Avengers lives up to all the hype, embracing the geek in all of us and taking the audience on an incredibly wild ride.","Full Review
                
                
                    | Original Score: A
                
                |","May 1, 2012"
Pablo Villaça,Cinema em Cena,"Se sai melhor ao retratar a interação de seus personagens do que a ação por estes protagonizada, apresentando-se como uma brincadeira inofensiva e inconsequente. Não é uma decepção, é verdade, mas um pouco mais de ambição não lhe teria feito mal.","| Original Score: 3/5
                
                |","May 1, 2012"
Dustin Putman,TheFilmFile.com,"Thrilling when it wants to be, it's got star power to spare, and the action and effects are top-notch.","| Original Score: 2.5/4
                
                |","May 1, 2012"
Jaime N. Christley,Slant Magazine,"While The Avengers exhibits exemplary craftsmanship, Joss Whedon hasn't made a great film.","| Original Score: 2.5/4
                
                |","May 1, 2012"
Peter Canavese,Groucho Reviews,"It's quite possible that The Avengers has more action than any movie ever made...[but] for all its thrill-ride clutter, The Avengers is just about as simplistic as them fightin'-robot pictures...","| Original Score: 3/4
                
                |","May 1, 2012"
Kristian Harloff and Mark Ellis,Schmoes Know,"If you go to Wikipedia and type in 'summer blockbuster', this is the movie that should come up. It is everything that you need in a summer film. It kicks the season off perfectly and you will feel like a little kid again.","| Original Score: 5/5
                
                |","May 1, 2012"
Matt Pais,RedEye,Puts the 'some' in 'awesome.',"| Original Score: 2.5/4
                
                |","May 1, 2012"
Joshua Rothkopf,Time Out,"Whedon, the pop savant responsible for TV's Buffy the Vampire Slayer, straddles the line between sarcastic gab and pulp solemnity like Eli Manning on a fourth-down, go-it-alone jag.","| Original Score: 4/5
                
                |","May 1, 2012"
Karina Longworth,Village Voice,"Really, who cares about another battle? We know how this is going to end.",|,"May 1, 2012"
Owen Gleiberman,Entertainment Weekly,"The best thing about The Avengers, a multi-tentpole blockbuster that gathers half a dozen Marvel superheroes and unfurls them on a baddie from another planet, is that it also unleashes them on each other.","| Original Score: B+
                
                |","May 1, 2012"
Glenn Kenny,MSN Movies,"... the filmmakers behind The Avengers attack their task of creating a comic book superhero epic with not just conviction, but something almost resembling panache.","| Original Score: 3.5/5
                
                |","May 1, 2012"
Rafer Guzman,Newsday,"This is a movie that knows and deeply loves its audience, but it's funny, smart and good-natured enough to please the rest of us, too.","| Original Score: 3/4
                
                |","May 1, 2012"
Alonso Duralde,TheWrap,Whedon gets the vibe and the delights of Marvel comic books in the same way that Spielberg and Lucas intuitively understood the appeal of serials in Raiders of the Lost Ark.,|,"May 1, 2012"
Jordan Hoffman,ScreenCrush,...mewling quim...,"| Original Score: 8/10
                
                |","May 1, 2012"
Mark Sells,The Reel Deal,The Avengers is simply marvelous!,"| Original Score: 4.5/5
                
                |","May 1, 2012"
Joanna Langfield,The Movie Minute,"This full throttle action extravaganza might have benefitted from an attached 'Superheroes for Dummies' cheat sheet, but, hell, who cares? If its 3-D thrills you want, you'll have a blast.",|,"May 1, 2012"
Bill Goodykoontz,Arizona Republic,"Whedon's investment in building this world is so complete that it captures the audience, as well.","| Original Score: 4.5/5
                
                |","May 1, 2012"
Luke Y. Thompson,Nerdist,"The term ""geekgasm"" does not go amiss here.",|,"May 1, 2012"
Edward Douglas,ComingSoon.net,Joss Whedon has successfully fulfilled every Avengers fanboy's dream and that alone is a good enough reason to forgive some of the movie's earlier faults.,"| Original Score: 8.5/10
                
                |","May 1, 2012"
Stephanie Zacharek,Movieline,The picture is broken down into narrative chunks that ultimately don't tell much of a story - what you get instead is a series of mini-climaxes held together by banter between characters.,"| Original Score: 6/10
                
                |","May 1, 2012"
Randy Myers,San Jose Mercury News,Even those who don't know a Marvel hero from a DC caped crusader will find themselves having a grand time. That's because Whedon manages to tap the inner fanboy and fangirl dormant in us all.,"| Original Score: 3.5/4
                
                |","May 1, 2012"
Brian Tallerico,HollywoodChicago.com,"A high quality, incredibly entertaining, joyous summer event. If I was 12, it would be my favorite movie ever made.","| Original Score: 4.5/5.0
                
                |","May 1, 2012"
Rene Rodriguez,Miami Herald,"The Avengers has a knockout final 30 minutes, all gee-whiz crash and bang and eye candy that makes grand use of 3D and IMAX and all the other toys. But the Transformers movies did that, too.","Full Review
                
                
                    | Original Score: 2/4
                
                |","May 1, 2012"
Julian Roman,MovieWeb,The Avengers is popcorn cinema at its best.,"| Original Score: 4.5/5
                
                |","May 1, 2012"
CJ Johnson,Film Mafia,That director Joss Whedon has put them all in the same movie and made it work at all is no mean feat.,"| Original Score: 3.5/5
                
                |","May 1, 2012"
Josh Larsen,LarsenOnFilm,Joss Whedon is a small-screen storyteller. And I mean that as a compliment.,"| Original Score: 3/4
                
                |","Apr 30, 2012"
Richard Roeper,Richard Roeper.com,One of the great joys of Marvel's The Avengers is its sense of humor about itself.,"| Original Score: 4.5/5
                
                |","Apr 30, 2012"
Todd Gilchrist,The Playlist,a winning piece of popcorn entertainment that does better with characters in an ensemble setting than many ever did when they starred in their own vehicles.,"| Original Score: B
                
                |","Apr 30, 2012"
David Poland,Movie City News,"I just wish it was actually a really good, memorable summer Movie Movie. And it's not. It doesn't suck, but it's not One Of Those.",|,"Apr 30, 2012"
Cole Smithey,ColeSmithey.com,"[VIDEO ESSAY] Sloppy in its construction, ""Marvel's The Avengers"" has one thing going for it - humor.","| Original Score: C+
                
                |","Apr 30, 2012"
JimmyO,JoBlo's Movie Network,It is easy to get swept away in what may very well be the most engaging and exhilarating summer blockbuster this year,"| Original Score: 9/10
                
                |","Apr 30, 2012"
Scott A. Mantz,Access Hollywood,"The whole affair feels like more of the same, just a lot more of it.","| Original Score: 3/5
                
                |","Apr 30, 2012"
Peter Travers,Rolling Stone,"All hail Joss Whedon, the warrior king of this dizzying, dazzling 3D action epic. The Avengers is Transformers with a brain, a heart and a working sense of humor.","| Original Score: 3.5/4
                
                |","Apr 30, 2012"
Joe Neumaier,New York Daily News,"This mega-entertaining ""Avengers"" film is something comic fans have dreamed of since Marvel debuted the title almost 50 years ago.","| Original Score: 5/5
                
                |","Apr 30, 2012"
Joshua Starnes,ComingSoon.net,"Marvel's The Avengers isn't the Second Coming, though it feels like it's been in the works almost as long as, but as far as big summer entertainment goes you'll rarely get much better.","| Original Score: 8.5/10
                
                |","Apr 30, 2012"
David Edelstein,New York Magazine/Vulture,Comic-Con nerds will have multiple orgasms. I had a blast.,|,"Apr 30, 2012"
Scott Weinberg,ScreenAnarchy,"Honest and loyal enough for the hardcore fans; smooth and accessible for the newcomer. Stunning action, great character, really funny.","| Original Score: 4.5/5
                
                |","Apr 29, 2012"
Devin Faraci,Birth.Movies.Death.,The Avengers proves these guys truly are Earth's Mightiest Heroes.,|,"Apr 29, 2012"
Tom Clift,Moviedex,"It's the elements that Hollywood usually neglects - the characters, the dialogue and the humour - that makes The Avengers such an unadulterated pleasure.","| Original Score: 4.5/5
                
                |","Apr 29, 2012"
Ed Gibbs,The Sun-Herald (Australia),"Joss Whedon marshals matters effectively throughout, without losing sight of that other key demographic: those who dispensed with their comic books long ago.","| Original Score: 8/10
                
                |","Apr 29, 2012"
Graham Young,Birmingham Mail,"A high-octane, silver screen mash-up that finally gets going after the best part of its 143-minute running time.","| Original Score: 4/5
                
                |","Apr 28, 2012"
Niki Boyle,The List,"It's simply a well-executed, highly enjoyable summer popcorn movie, which is exactly what it should be.","| Original Score: 4/5
                
                |","Apr 28, 2012"
Shaun Munro,What Culture,"This super-charged blockbuster is a mammoth spectacle which takes the genre to dizzying, rarely-seen heights.","Full Review
                
                
                    | Original Score: 4.5/5
                
                |","Apr 28, 2012"
Ed Whitfield,The Ooh Tray,"It gets the job done, but there's more to good movies than joining the dots.",|,"Apr 28, 2012"
Lisa Giles-Keddie,Real.com,"Whedon's story not only reconnects us with each character but also finds the time to flesh out their strengths and weaknesses, with some wonderful paranoid moments of self-doubt.","| Original Score: 4/5
                
                |","Apr 28, 2012"
Tim Martain,The Mercury (Australia),"Joss Whedon, with his demonstrated ensemble cast-wrangling expertise, is the only director who could have pulled this off. And he has set a new benchmark in doing so.","| Original Score: 4.5/5
                
                |","Apr 28, 2012"
Sandra Hall,Sydney Morning Herald,"Whedon really does know how to handle 3D, combining it with a fluid camera style to lend scale, perspective and drama enough to keep disbelief at bay for astonishingly lengthy stretches of time.","| Original Score: 4/5
                
                |","Apr 27, 2012"
Jason Di Rosso,"MovieTime, ABC Radio National",Whedon is on to a winning formula.,|,"Apr 27, 2012"
Donald Clarke,Irish Times,"Despite a flabby middle-section and an overlong, bang-heavy denouement, the picture keeps its many plates spinning dizzily for more than two hours.","| Original Score: 3/5
                
                |","Apr 27, 2012"
Rich Cline,Shadows on the Wall,"It takes a while to get going, but once writer-director Whedon hits his stride, the film rockets through a series of frantically entertaining set pieces.","| Original Score: 4/5
                
                |","Apr 27, 2012"
David Sexton,London Evening Standard,"If you like superhero movies at all, you'll absolutely love Avengers Assemble. It's got everything.","| Original Score: 4/5
                
                |","Apr 27, 2012"
Kyle Smith,New York Post,"'The Avengers"" is neither overwhelming nor underwhelming. What it expertly is, is whelming.","| Original Score: 3/4
                
                |","Apr 27, 2012"
Joseph Proimakis,Movies for the Masses,the teams most important mission is to spit funny one-liners at the face of over-the-topness,"| Original Score: 3.5/5
                
                |","Apr 27, 2012"
Alex Zane,The Sun (UK),"Epic in every sense, this sets the bar for the rest of the year's blockbusters. An absolute triumph.","| Original Score: 5/5
                
                |","Apr 26, 2012"
Blake Howard,2UE That Movie Show,"The story is epic, but rooted in humanity. The direction is slick and large for the set pieces, but intimate to contextualise the heroes. ""We have a HULK"" of a film and we have Joss Whedon to thank.","| Original Score: 4.5/5
                
                |","Apr 26, 2012"
Simon Foster,Screen-Space,Each hero has ample time in their own spotlight (Ruffalo's Hulk shining brightest) yet Whedon constructs the enveloping sense of camaraderie seamlessly...,|,"Apr 26, 2012"
Jake Wilson,The Age (Australia),"Whedon can deconstruct the myth of heroism in his sleep, and probably does, but on this occasion he's here to redeem the cliches, not to bury them.","| Original Score: 3.5/5
                
                |","Apr 26, 2012"
MaryAnn Johanson,Flick Filosopher,"[S]upercool, superfun... [A] real geek's brew... of premises and possibilities. All of which somehow work together, don't feel underdone, and leave us feeling like, for all its absurdity, everything we see is happening in a real space to real people.",|,"Apr 26, 2012"
Antonia Quirke,Financial Times,Brings cinema's most profitable recent Marvel superheroes together and makes them play in a kind of lunatic studio sandbox.,"| Original Score: 3/5
                
                |","Apr 26, 2012"
Peter Bradshaw,Guardian,"It's an enjoyably absurd and absurdly enjoyable extravaganza, both delirious and surrealist.","| Original Score: 4/5
                
                |","Apr 26, 2012"
Sam Bathe,Fan The Fire,"It was right the Avengers shouldn't gel right at once, but how that get-to-know-you period is played out in the script gets massively out of hand.","| Original Score: 2/5
                
                |","Apr 26, 2012"
Richard Corliss,TIME Magazine,"The movie guarantees fast-paced fun without forcing anyone to think about what it all means, which is nothing.",|,"Apr 25, 2012"
Matt Risley,Sky Cinema,Awesomeness Assembled.,"| Original Score: 5/5
                
                |","Apr 25, 2012"
Henry Fitzherbert,Daily Express (UK),"Whedon maintains just the right tone of affectionate spoofery - the bickering never too silly or annoying - and gives all the characters, including Jeremy Renner's newcomer Hawkeye, enough to do to feel integral to proceedings.","| Original Score: 4/5
                
                |","Apr 25, 2012"
Nick Dent,Time Out Sydney,"Whedon keeps the whole thing aloft with pizzazz -- you expect it to crash to earth like Fury's flying aircraft carrier, but somehow it never does.","| Original Score: 4/5
                
                |","Apr 25, 2012"
Matthew Turner,ViewLondon,"Whedon delivers what is pretty much the perfect superhero movie, combining a brilliant script, pacey direction, thrilling action sequences and pitch-perfect performances from a terrific cast.","| Original Score: 5/5
                
                |","Apr 25, 2012"
Matt Neal,The Standard,Five-star comic book gold; a fanboy's dreams turned into reality.,"| Original Score: 5/5
                
                |","Apr 25, 2012"
Drew McWeeny,HitFix,"... tremendous entertainment, confident and complete in a way that none of the Marvel movies so far have been.","| Original Score: A
                
                |","Apr 24, 2012"
Matthew Toomey,ABC Radio (Australia),"It's one of the best superhero movies ever and excels in terms of three key genres - action, comedy and suspense.","| Original Score: A
                
                |","Apr 24, 2012"
Tom Huddleston,Time Out,"This is as close as cinema gets to a fairground ride: it's shiny, noisy and exhilarating.","| Original Score: 4/5
                
                |","Apr 24, 2012"
Adam Lee Davies,Little White Lies,"A shiny, caged beast of a film that delivers on its every promise.","| Original Score: 3/5
                
                |","Apr 24, 2012"
Nick Setchfield,SFX Magazine,"Motors on quips and star charm and the primal Top Trumps thrill of assembling its protagonists. But there's no compelling reason for it to exist, no burning tale it needs to tell.","| Original Score: 3.5/5
                
                |","Apr 24, 2012"
Christy Lemire,Associated Press,"The dialogue sparkles as brightly as the special effects; these people may be wearing ridiculous costumes but they're well fleshed-out underneath. And so in every regard, this movie truly fulfills its hype.","Full Review
                
                
                |","Apr 23, 2012"
Siobhan Synnot,Scotsman,"Josh Whedon has pulled together an action movie of real wit, fun and spectacle, with some remarkable setpieces for a director not previously noted for visual flair.","| Original Score: 4/5
                
                |","Apr 23, 2012"
Thomas Caldwell,Cinema Autopsy,The Avengers is a good Joss Whedon film and an excellent Marvel film.,"| Original Score: 3.5/5
                
                |","Apr 22, 2012"
Erin Free,FILMINK (Australia),"Wildly entertaining yet brilliantly cohesive, wonderfully characterised, deftly humorous and packed with heart, this is an absolute winner.","Full Review
                
                
                |","Apr 20, 2012"
Paul Verhoeven,The Vine,"The Avengers is one of the greatest superhero films ever made. It's smart, fast, unrelenting fun. An instant, nuanced classic.","| Original Score: 5/5
                
                |","Apr 20, 2012"
Adam Bub,MovieFIX,"Something remarkable: a superhero movie that entertains, excites, explodes, and even takes time to examine itself, and the world in which we live in.","| Original Score: 4.5/5
                
                |","Apr 20, 2012"
Eric Goldman,IGN Movies,"It took nearly a half-century to make it happen onscreen, but The Avengers was worth the wait, pairing together the perfect cast and perfect writer/director.","| Original Score: 9/10
                
                |","Apr 20, 2012"
Justin Chang,Variety,"Like a superior, state-of-the-art model built from reconstituted parts, Joss Whedon's buoyant, witty and robustly entertaining superhero smash-up is escapism of a sophisticated order.","Full Review
                
                
                |","Apr 20, 2012"
Tim Grierson,Screen International,"Though overlong and inevitably burdened by the need to juggle so many protagonists, the film is robustly entertaining and manages to maintain a playful, crowd-pleasing spirit.","Full Review
                
                
                |","Apr 20, 2012"
Amy Nicholson,Boxoffice Magazine,"Apparently, bootleg copies of Transformers 3 made it to Asgard.","| Original Score: 3/5
                
                |","Apr 20, 2012"
Emanuel Levy,EmanuelLevy.Com,"The Avengers delivers! Considering the challenges and pitfalls of assembling disparate heroes and subplots, the skillfully-helmed movie is an effective balancing act between individual stories and collective goals.","| Original Score: B+
                
                |","Apr 20, 2012"
Cameron Williams,The Popcorn Junkie,It's phenomenally awesome. No review for the film really matters anyway because you'd be mental to miss the biggest superhero film event since we were pooped out from the big bang.,"| Original Score: 4.5/5
                
                |","Apr 20, 2012"
Stella Papamichael,Digital Spy,"Whedon doesn't patronise viewers. He strikes just the right tone and where there are rough edges, he uses Iron Man's wry humor to smooth them out. The effect is totally disarming.","| Original Score: 4/5
                
                |","Apr 20, 2012"
Christopher Tookey,Daily Mail (UK),Whedon has delivered a highly commercial Hollywood product that's funny and builds to a stirring climax. Not only fanboys will love it.,"| Original Score: 4/5
                
                |","Apr 20, 2012"
Henry Barnes,Guardian,"[It] carries the mark of a piece of expensively assembled fan fiction, albeit stitched together with a lightness and wit that will just about carry the casual viewer through two-and-a-half-hours of comic geek nirvana.","| Original Score: 3/5
                
                |","Apr 20, 2012"
Jonathan Crocker,Total Film,"Big, brash and very funny, Joss Whedon's Avengers is equal to the sum of its parts - and for once, that's no faint praise. Suit up.","| Original Score: 4/5
                
                |","Apr 20, 2012"
Todd McCarthy,Hollywood Reporter,"Whedon pulls off a stunning feat in bringing balance to this superhuman circus, engineered to charm the geek core and non-fans alike.",|,"Apr 20, 2012"
Catherine Bray,Film4,Marvel's finest heroes finally come together to set a comic book franchise gold standard that will take some beating.,"| Original Score: 4.5/5
                
                |","Apr 20, 2012"
Robbie Collin,Daily Telegraph (UK),"Writer-director Joss Whedon has a magpie's eye for stealing other people's bright ideas, and an enviable knack for improving them.","| Original Score: 4/5
                
                |","Apr 20, 2012"
Andrew L. Urban,Urban Cinefile,"...doesn't have the emotional involvement of the best of sci-fi action films, but it's a thrashing good big dipper ride and the 3D actually works...",|,"Apr 19, 2012"
Louise Keller,Urban Cinefile,"Lovers of the genre will be hard pressed to name their favourite superhero or moment: egos, powers & personalities let rip, as extravagant action, awe-inspiring stunts & extraordinary effects fill the screen in a blaze of spectacle. There's humour too",|,"Apr 19, 2012"
Chris Laverty,Clothes on Film,"A witty, well-acted sci-fi adventure.",|,"Apr 19, 2012"
James White,Empire Magazine,A joyous blend of heroism and humour that raises the stakes even as it maintains a firm grip on what makes the individual heroes tick.,"| Original Score: 4/5
                
                |","Apr 19, 2012"
Leigh Paatsch,Daily Telegraph (Australia),"This truly epic action picture positively pulses with panache, wit and excitement throughout.",|,"Apr 19, 2012"
Simon Gallagher,What Culture,"The Avengers is a statement of form: this is not only what all superhero movies should be, it is what all so-called blockbusters should be","| Original Score: 4.5/5
                
                |","Apr 19, 2012"
Steve Newall,"Flicks (AU, NZ, UK)",Lives up to its immense potential.,"| Original Score: 4/5
                
                |","Apr 19, 2012"
Simon Miraudo,Quickflix,"A continued run of quality can't be guaranteed, but all involved in The Avengers experiment should be proud they took on the challenge of redefining some significant pop culture icons, and, from 2008-2012, actually enhanced them.","| Original Score: 4.5/5
                
                |","Apr 19, 2012"
Matthew Pejkovic,Matt's Movie Reviews,"An action spectacular with a witty script to match its big visuals, The Avengers takes the superhero movie to unprecedented heights and establishes Joss Whedon as a blockbuster filmmaker to cherish.","| Original Score: 4.5/5
                
                |","Apr 19, 2012"